date,pair,open,high,low,close,volume
2025-07-01,EURUSD,1.085,1.08784,1.0826,1.08522,58381
2025-07-02,EURUSD,1.08522,1.08854,1.08493,1.08674,47450
2025-07-03,EURUSD,1.08674,1.08646,1.08506,1.08576,26137
2025-07-04,EURUSD,1.08576,1.0855,1.07873,1.08211,44026
2025-07-07,EURUSD,1.08211,1.08202,1.0787,1.08036,49365
2025-07-08,EURUSD,1.08036,1.0785,1.07408,1.07629,15756
2025-07-09,EURUSD,1.07629,1.0803,1.07323,1.07676,13784
2025-07-10,EURUSD,1.07676,1.08688,1.07862,1.08275,12531
2025-07-11,EURUSD,1.08275,1.08128,1.08039,1.08084,7495
2025-07-14,EURUSD,1.08084,1.07839,1.07835,1.07837,22678
2025-07-15,EURUSD,1.07837,1.08499,1.0764,1.0807,48660
2025-07-16,EURUSD,1.0807,1.08805,1.07687,1.08246,47254
2025-07-17,EURUSD,1.08246,1.08788,1.07839,1.08313,25787
2025-07-18,EURUSD,1.08313,1.08082,1.07782,1.07932,31844
2025-07-21,EURUSD,1.07932,1.0819,1.07691,1.07941,47198
2025-07-22,EURUSD,1.07941,1.08385,1.08139,1.08262,55775
2025-07-23,EURUSD,1.08262,1.08546,1.06857,1.07702,20483
2025-07-24,EURUSD,1.07702,1.07607,1.07446,1.07526,41101
2025-07-25,EURUSD,1.07526,1.0675,1.0671,1.0673,37656
2025-07-28,EURUSD,1.0673,1.06227,1.06174,1.06201,39149
2025-07-29,EURUSD,1.06201,1.0578,1.05099,1.0544,49146
2025-07-30,EURUSD,1.0544,1.05447,1.05277,1.05362,47223
2025-07-31,EURUSD,1.05362,1.04905,1.04793,1.04849,26754
2025-08-01,EURUSD,1.04849,1.05358,1.04609,1.04983,46264
2025-08-04,EURUSD,1.04983,1.05176,1.04965,1.0507,8012
2025-08-05,EURUSD,1.0507,1.05014,1.05011,1.05013,23911
2025-08-06,EURUSD,1.05013,1.04453,1.035,1.03976,16968
2025-08-07,EURUSD,1.03976,1.03946,1.036,1.03773,19135
2025-08-08,EURUSD,1.03773,1.03895,1.03653,1.03774,54603
2025-08-11,EURUSD,1.03774,1.04408,1.03276,1.03842,29069
2025-08-12,EURUSD,1.03842,1.03713,1.02741,1.03227,9014
2025-08-13,EURUSD,1.03227,1.03348,1.02752,1.0305,31908
2025-08-14,EURUSD,1.0305,1.0295,1.02385,1.02667,8808
2025-08-15,EURUSD,1.02667,1.02561,1.0215,1.02356,12794
2025-08-18,EURUSD,1.02356,1.02845,1.02777,1.02811,26092
2025-08-19,EURUSD,1.02811,1.02565,1.02433,1.02499,29273
2025-08-20,EURUSD,1.02499,1.02584,1.02429,1.02506,17758
2025-08-21,EURUSD,1.02506,1.02952,1.02827,1.02889,40190
2025-08-22,EURUSD,1.02889,1.02687,1.02653,1.0267,32328
2025-08-25,EURUSD,1.0267,1.0311,1.02179,1.02644,12464
2025-08-26,EURUSD,1.02644,1.02882,1.02539,1.0271,50216
2025-08-27,EURUSD,1.0271,1.02775,1.02739,1.02757,12592
2025-08-28,EURUSD,1.02757,1.02452,1.02096,1.02274,24768
2025-08-29,EURUSD,1.02274,1.02521,1.02131,1.02326,14554
2025-09-01,EURUSD,1.02326,1.03397,1.02408,1.02902,56887
2025-09-02,EURUSD,1.02902,1.02442,1.02131,1.02286,20583
2025-09-03,EURUSD,1.02286,1.02679,1.02637,1.02658,52689
2025-09-04,EURUSD,1.02658,1.02834,1.02621,1.02728,57894
2025-09-05,EURUSD,1.02728,1.02826,1.02144,1.02485,17049
2025-09-08,EURUSD,1.02485,1.03346,1.03305,1.03325,6418
2025-09-09,EURUSD,1.03325,1.03933,1.03389,1.03661,5740
2025-09-10,EURUSD,1.03661,1.03306,1.03063,1.03184,15105
2025-09-11,EURUSD,1.03184,1.03306,1.03165,1.03236,27029
2025-09-12,EURUSD,1.03236,1.03563,1.03426,1.03495,14077
2025-09-15,EURUSD,1.03495,1.03471,1.03403,1.03437,57632
2025-09-16,EURUSD,1.03437,1.04236,1.03245,1.0374,31089
2025-09-17,EURUSD,1.0374,1.03807,1.0366,1.03734,51639
2025-09-18,EURUSD,1.03734,1.04298,1.03764,1.04031,5829
2025-09-19,EURUSD,1.04031,1.04928,1.04373,1.04651,12286
2025-09-22,EURUSD,1.04651,1.0463,1.04147,1.04389,30199
2025-09-23,EURUSD,1.04389,1.04675,1.04313,1.04494,13947
2025-09-24,EURUSD,1.04494,1.04799,1.03844,1.04322,13960
2025-09-25,EURUSD,1.04322,1.04494,1.04297,1.04396,6325
2025-09-26,EURUSD,1.04396,1.04108,1.03733,1.03921,19830
2025-09-29,EURUSD,1.03921,1.0376,1.03641,1.03701,46983
2025-09-30,EURUSD,1.03701,1.03641,1.03639,1.0364,48584
2025-10-01,EURUSD,1.0364,1.04343,1.03723,1.04033,32990
2025-10-02,EURUSD,1.04033,1.04675,1.04386,1.04531,15123
2025-10-03,EURUSD,1.04531,1.04627,1.03369,1.03998,29741
2025-10-06,EURUSD,1.03998,1.03769,1.03608,1.03688,38942
2025-10-07,EURUSD,1.03688,1.04041,1.03914,1.03978,13092
2025-10-08,EURUSD,1.03978,1.03493,1.02846,1.0317,27347
2025-10-09,EURUSD,1.0317,1.03098,1.02901,1.02999,50264
2025-10-10,EURUSD,1.02999,1.03365,1.02594,1.0298,27967
2025-10-13,EURUSD,1.0298,1.03862,1.03174,1.03518,30882
2025-10-14,EURUSD,1.03518,1.04223,1.03426,1.03824,49926
2025-10-15,EURUSD,1.03824,1.03991,1.03427,1.03709,41921
2025-10-16,EURUSD,1.03709,1.03913,1.03241,1.03577,13850
2025-10-17,EURUSD,1.03577,1.03967,1.03021,1.03494,38534
2025-10-20,EURUSD,1.03494,1.04226,1.04064,1.04145,55809
2025-10-21,EURUSD,1.04145,1.04161,1.03815,1.03988,16654
2025-10-22,EURUSD,1.03988,1.04491,1.03274,1.03882,54141
2025-10-23,EURUSD,1.03882,1.04111,1.03988,1.0405,37255
2025-10-24,EURUSD,1.0405,1.04205,1.03835,1.0402,41757
2025-10-27,EURUSD,1.0402,1.04381,1.03537,1.03959,23214
2025-10-28,EURUSD,1.03959,1.03529,1.03504,1.03516,7719
2025-10-29,EURUSD,1.03516,1.03992,1.03073,1.03532,6468
2025-10-30,EURUSD,1.03532,1.03667,1.03072,1.03369,41481
2025-10-31,EURUSD,1.03369,1.04166,1.03579,1.03872,59054
2025-11-03,EURUSD,1.03872,1.04432,1.03897,1.04164,38019
2025-11-04,EURUSD,1.04164,1.04333,1.04018,1.04175,24682
2025-11-05,EURUSD,1.04175,1.04566,1.04383,1.04474,47471
2025-11-06,EURUSD,1.04474,1.04418,1.04289,1.04353,56999
2025-11-07,EURUSD,1.04353,1.04881,1.04746,1.04813,16760
2025-11-10,EURUSD,1.04813,1.04925,1.04739,1.04832,10710
2025-11-11,EURUSD,1.04832,1.05192,1.05003,1.05098,57434
2025-11-12,EURUSD,1.05098,1.04589,1.04563,1.04576,7483
2025-11-13,EURUSD,1.04576,1.04807,1.04677,1.04742,53740
2025-11-14,EURUSD,1.04742,1.04082,1.04029,1.04056,12920
2025-11-17,EURUSD,1.04056,1.03385,1.03073,1.03229,11289
2025-11-18,EURUSD,1.03229,1.03703,1.02545,1.03124,20211
2025-11-19,EURUSD,1.03124,1.02956,1.02591,1.02774,22336
2025-11-20,EURUSD,1.02774,1.02879,1.02844,1.02862,23188
2025-11-21,EURUSD,1.02862,1.04331,1.03281,1.03806,6784
2025-11-24,EURUSD,1.03806,1.03602,1.03361,1.03481,51971
2025-11-25,EURUSD,1.03481,1.03847,1.02641,1.03244,50702
2025-11-26,EURUSD,1.03244,1.03786,1.02912,1.03349,42412
2025-11-27,EURUSD,1.03349,1.03839,1.03308,1.03574,55330
2025-11-28,EURUSD,1.03574,1.03741,1.03302,1.03521,56575
2025-12-01,EURUSD,1.03521,1.03503,1.0341,1.03457,59439
2025-12-02,EURUSD,1.03457,1.043,1.03236,1.03768,25654
2025-12-03,EURUSD,1.03768,1.0412,1.03889,1.04005,38655
2025-12-04,EURUSD,1.04005,1.03806,1.03384,1.03595,46972
2025-12-05,EURUSD,1.03595,1.03781,1.03385,1.03583,41629
2025-12-08,EURUSD,1.03583,1.0432,1.02917,1.03619,48517
2025-12-09,EURUSD,1.03619,1.03269,1.03135,1.03202,42312
2025-12-10,EURUSD,1.03202,1.03572,1.03089,1.0333,26292
2025-12-11,EURUSD,1.0333,1.03358,1.02635,1.02996,36358
2025-12-12,EURUSD,1.02996,1.03435,1.034,1.03417,15950
2025-12-15,EURUSD,1.03417,1.03573,1.03463,1.03518,57383
2025-12-16,EURUSD,1.03518,1.03933,1.03218,1.03575,54237
2025-12-17,EURUSD,1.03575,1.03387,1.03315,1.03351,38432
2025-12-18,EURUSD,1.03351,1.0368,1.02966,1.03323,47203
2025-12-19,EURUSD,1.03323,1.0286,1.02176,1.02518,23464
2025-12-22,EURUSD,1.02518,1.024,1.01749,1.02074,25986
2025-12-23,EURUSD,1.02074,1.02576,1.0191,1.02243,33208
2025-12-24,EURUSD,1.02243,1.01537,1.01249,1.01393,19526
2025-12-25,EURUSD,1.01393,1.01914,1.01599,1.01757,6026
2025-12-26,EURUSD,1.01757,1.01106,1.01026,1.01066,26753
2025-12-29,EURUSD,1.01066,1.01511,1.01274,1.01392,44826
2025-12-30,EURUSD,1.01392,1.01173,1.00967,1.0107,19335
2025-12-31,EURUSD,1.0107,1.018,1.01009,1.01405,43165
2026-01-01,EURUSD,1.01405,1.01918,1.01039,1.01478,37944
2026-01-02,EURUSD,1.01478,1.01115,1.00634,1.00875,28157
2026-01-05,EURUSD,1.00875,1.01457,1.01341,1.01399,44905
2026-01-06,EURUSD,1.01399,1.0207,1.01938,1.02004,51831
2026-01-07,EURUSD,1.02004,1.02304,1.01691,1.01998,57337
2026-01-08,EURUSD,1.01998,1.02436,1.01376,1.01906,46553
2026-01-09,EURUSD,1.01906,1.02101,1.01622,1.01861,10030
2026-01-12,EURUSD,1.01861,1.01538,1.01431,1.01484,23517
2026-01-13,EURUSD,1.01484,1.02071,1.01831,1.01951,34048
2026-01-14,EURUSD,1.01951,1.01865,1.01635,1.0175,9262
2026-01-15,EURUSD,1.0175,1.02063,1.01435,1.01749,28002
2026-01-16,EURUSD,1.01749,1.01511,1.01383,1.01447,12272
2026-01-19,EURUSD,1.01447,1.01581,1.00844,1.01213,35470
2026-01-20,EURUSD,1.01213,1.00997,1.00435,1.00716,15134
2026-01-21,EURUSD,1.00716,1.01487,1.00998,1.01242,19908
2026-01-22,EURUSD,1.01242,1.01341,1.01059,1.012,21715
2026-01-23,EURUSD,1.012,1.0219,1.01033,1.01612,58527
2026-01-26,EURUSD,1.01612,1.02048,1.01226,1.01637,29613
2026-01-27,EURUSD,1.01637,1.01557,1.01193,1.01375,35570
2026-01-28,EURUSD,1.01375,1.01671,1.00855,1.01263,56039
2026-01-29,EURUSD,1.01263,1.01173,1.0094,1.01056,5762
2026-01-30,EURUSD,1.01056,1.0117,1.0099,1.0108,20312
2026-02-02,EURUSD,1.0108,1.01289,1.00607,1.00948,28352
2026-02-03,EURUSD,1.00948,1.01615,1.0008,1.00847,54422
2026-02-04,EURUSD,1.00847,1.00364,1.00259,1.00311,44741
2026-02-05,EURUSD,1.00311,1.00484,0.99531,1.00008,42425
2026-02-06,EURUSD,1.00008,1.00885,1.00494,1.00689,25808
2026-02-09,EURUSD,1.00689,1.00489,1.0039,1.00439,51942
2026-02-10,EURUSD,1.00439,1.00537,0.99534,1.00036,15232
2026-02-11,EURUSD,1.00036,1.00306,1.00076,1.00191,27178
2026-02-12,EURUSD,1.00191,1.01072,1.00477,1.00775,24609
2026-02-13,EURUSD,1.00775,1.00585,0.99833,1.00209,5180
2026-02-16,EURUSD,1.00209,1.00467,0.99823,1.00145,10029
2026-02-17,EURUSD,1.00145,1.00013,0.99811,0.99912,48283
2026-02-18,EURUSD,0.99912,0.99539,0.98918,0.99228,56922
2026-02-19,EURUSD,0.99228,0.9969,0.9939,0.9954,18501
2026-02-20,EURUSD,0.9954,0.99688,0.99413,0.99551,9252
2026-02-23,EURUSD,0.99551,0.99614,0.99584,0.99599,12836
2026-02-24,EURUSD,0.99599,0.99479,0.99159,0.99319,8218
2026-02-25,EURUSD,0.99319,0.99767,0.99273,0.9952,48972
2026-02-26,EURUSD,0.9952,0.99416,0.99234,0.99325,7666
2026-02-27,EURUSD,0.99325,0.99594,0.98982,0.99288,42748
2026-03-02,EURUSD,0.99288,0.9925,0.98485,0.98868,48647
2026-03-03,EURUSD,0.98868,0.98421,0.98392,0.98406,16682
2026-03-04,EURUSD,0.98406,0.99214,0.9869,0.98952,17595
2026-03-05,EURUSD,0.98952,0.99224,0.98318,0.98771,19716
2026-03-06,EURUSD,0.98771,0.98907,0.98905,0.98906,46755
2026-03-09,EURUSD,0.98906,0.99105,0.98719,0.98912,56657
2026-03-10,EURUSD,0.98912,0.99047,0.98468,0.98758,46544
2026-03-11,EURUSD,0.98758,0.98829,0.98324,0.98577,19769
2026-03-12,EURUSD,0.98577,0.98998,0.98691,0.98845,44409
2026-03-13,EURUSD,0.98845,0.99189,0.98301,0.98745,43632
2026-03-16,EURUSD,0.98745,0.98936,0.98474,0.98705,28271
2026-03-17,EURUSD,0.98705,0.98848,0.98619,0.98734,12125
2026-03-18,EURUSD,0.98734,0.99286,0.9915,0.99218,22301
2026-03-19,EURUSD,0.99218,0.99733,0.99283,0.99508,49826
2026-03-20,EURUSD,0.99508,0.99856,0.99504,0.9968,33382
2026-03-23,EURUSD,0.9968,0.99522,0.99429,0.99475,11467
2026-03-24,EURUSD,0.99475,0.99124,0.98766,0.98945,55289
2026-03-25,EURUSD,0.98945,0.99355,0.99327,0.99341,33382
2026-03-26,EURUSD,0.99341,1.0007,0.9942,0.99745,24194
2026-03-27,EURUSD,0.99745,0.99739,0.99678,0.99709,6936
2026-03-30,EURUSD,0.99709,0.9996,0.99929,0.99945,36450
2026-03-31,EURUSD,0.99945,1.00566,0.99989,1.00277,35254
2026-04-01,EURUSD,1.00277,1.00904,1.00357,1.00631,13308
2026-04-02,EURUSD,1.00631,1.01034,1.0101,1.01022,51564
2026-04-03,EURUSD,1.01022,1.01379,1.00337,1.00858,32722
2026-04-06,EURUSD,1.00858,1.01687,1.01291,1.01489,9641
2026-04-07,EURUSD,1.01489,1.01331,1.00676,1.01003,15736
2026-04-08,EURUSD,1.01003,1.01921,1.00822,1.01372,20084
2026-04-09,EURUSD,1.01372,1.0161,1.01574,1.01592,46240
2026-04-10,EURUSD,1.01592,1.02306,1.01629,1.01968,47058
2026-04-13,EURUSD,1.01968,1.03224,1.02284,1.02754,50176
2026-04-14,EURUSD,1.02754,1.03723,1.03048,1.03385,38445
2026-04-15,EURUSD,1.03385,1.03162,1.02703,1.02932,55029
2026-04-16,EURUSD,1.02932,1.02604,1.01911,1.02257,22203
2026-04-17,EURUSD,1.02257,1.02729,1.02495,1.02612,37062
2026-04-20,EURUSD,1.02612,1.02464,1.01968,1.02216,39589
2026-04-21,EURUSD,1.02216,1.02453,1.0201,1.02231,25218
2026-04-22,EURUSD,1.02231,1.02775,1.02416,1.02595,30009
2026-04-23,EURUSD,1.02595,1.02172,1.0171,1.01941,43807
2026-04-24,EURUSD,1.01941,1.01232,1.0097,1.01101,52429
2026-04-27,EURUSD,1.01101,1.01521,1.00931,1.01226,55699
2026-04-28,EURUSD,1.01226,1.01633,1.00896,1.01264,21111
2026-04-29,EURUSD,1.01264,1.01742,1.00628,1.01185,44466
2026-04-30,EURUSD,1.01185,1.01786,1.00656,1.01221,46675
2026-05-01,EURUSD,1.01221,1.0099,1.00796,1.00893,56552
2026-05-04,EURUSD,1.00893,1.00376,1.00229,1.00302,39962
2026-05-05,EURUSD,1.00302,1.00265,1.00246,1.00255,16067
2026-05-06,EURUSD,1.00255,0.99934,0.99838,0.99886,45723
2026-05-07,EURUSD,0.99886,0.99264,0.99234,0.99249,14384
2026-05-08,EURUSD,0.99249,1.00039,0.989,0.9947,25804
2026-05-11,EURUSD,0.9947,0.99775,0.99155,0.99465,31901
2026-05-12,EURUSD,0.99465,1.00112,0.99181,0.99647,44870
2026-05-13,EURUSD,0.99647,0.99574,0.98971,0.99272,14233
2026-05-14,EURUSD,0.99272,0.99427,0.98634,0.99031,43413
2026-05-15,EURUSD,0.99031,0.98876,0.98434,0.98655,12935
2026-05-18,EURUSD,0.98655,0.98567,0.98083,0.98325,26311
2026-05-19,EURUSD,0.98325,0.98705,0.98137,0.98421,11687
2026-05-20,EURUSD,0.98421,0.98542,0.97723,0.98133,6454
2026-05-21,EURUSD,0.98133,0.98397,0.98188,0.98292,22917
2026-05-22,EURUSD,0.98292,0.98856,0.98035,0.98445,57960
2026-05-25,EURUSD,0.98445,1.00102,0.98423,0.99263,35859
2026-05-26,EURUSD,0.99263,0.98885,0.98573,0.98729,44248
2026-05-27,EURUSD,0.98729,0.9942,0.9878,0.991,17591
2026-05-28,EURUSD,0.991,0.99393,0.98775,0.99084,16260
2026-05-29,EURUSD,0.99084,0.99419,0.98778,0.99098,54812
2026-06-01,EURUSD,0.99098,0.98628,0.98459,0.98544,45194
2026-06-02,EURUSD,0.98544,0.98826,0.97937,0.98382,31882
2026-06-03,EURUSD,0.98382,0.98983,0.98405,0.98694,20327
2026-06-04,EURUSD,0.98694,0.99091,0.98271,0.98681,52413
2026-06-05,EURUSD,0.98681,0.98976,0.9849,0.98733,30810
2026-06-08,EURUSD,0.98733,0.98757,0.98519,0.98638,7902
2026-06-09,EURUSD,0.98638,0.99372,0.98854,0.99113,52293
2026-06-10,EURUSD,0.99113,0.99688,0.98561,0.99124,27970
2026-06-11,EURUSD,0.99124,0.98388,0.98156,0.98272,29643
2026-06-12,EURUSD,0.98272,0.98028,0.9801,0.98019,26004
2026-06-15,EURUSD,0.98019,0.97292,0.97243,0.97267,20840
2026-06-16,EURUSD,0.97267,0.96048,0.95994,0.96021,38048
2026-06-17,EURUSD,0.96021,0.9616,0.95515,0.95837,21802
2026-06-18,EURUSD,0.95837,0.96387,0.96348,0.96367,33002
2026-06-19,EURUSD,0.96367,0.96416,0.96394,0.96405,9235
2026-06-22,EURUSD,0.96405,0.96344,0.956,0.95972,50840
2026-06-23,EURUSD,0.95972,0.96166,0.95095,0.9563,17072
2026-06-24,EURUSD,0.9563,0.96121,0.96042,0.96082,38282
2026-06-25,EURUSD,0.96082,0.96383,0.9594,0.96161,19910
2026-06-26,EURUSD,0.96161,0.96218,0.9618,0.96199,15179
2026-06-29,EURUSD,0.96199,0.96373,0.96022,0.96198,14513
2026-06-30,EURUSD,0.96198,0.96446,0.96018,0.96232,43854
2025-07-01,GBPUSD,1.27,1.26847,1.26336,1.26591,8468
2025-07-02,GBPUSD,1.26591,1.26826,1.26615,1.2672,5213
2025-07-03,GBPUSD,1.2672,1.26669,1.26111,1.2639,9663
2025-07-04,GBPUSD,1.2639,1.2677,1.26743,1.26757,9125
2025-07-07,GBPUSD,1.26757,1.271,1.26728,1.26914,16368
2025-07-08,GBPUSD,1.26914,1.26669,1.26273,1.26471,45399
2025-07-09,GBPUSD,1.26471,1.27343,1.25723,1.26533,9612
2025-07-10,GBPUSD,1.26533,1.26722,1.26039,1.2638,13148
2025-07-11,GBPUSD,1.2638,1.27135,1.26602,1.26869,44153
2025-07-14,GBPUSD,1.26869,1.26629,1.26517,1.26573,6853
2025-07-15,GBPUSD,1.26573,1.26402,1.2635,1.26376,21122
2025-07-16,GBPUSD,1.26376,1.27408,1.26619,1.27013,50555
2025-07-17,GBPUSD,1.27013,1.28352,1.28,1.28176,54509
2025-07-18,GBPUSD,1.28176,1.29501,1.28953,1.29227,32264
2025-07-21,GBPUSD,1.29227,1.29358,1.29212,1.29285,54149
2025-07-22,GBPUSD,1.29285,1.29886,1.28963,1.29424,53851
2025-07-23,GBPUSD,1.29424,1.30786,1.29702,1.30244,56501
2025-07-24,GBPUSD,1.30244,1.30671,1.2974,1.30205,18600
2025-07-25,GBPUSD,1.30205,1.29972,1.29474,1.29723,19087
2025-07-28,GBPUSD,1.29723,1.30238,1.29381,1.29809,41284
2025-07-29,GBPUSD,1.29809,1.30561,1.29578,1.3007,5036
2025-07-30,GBPUSD,1.3007,1.29702,1.29627,1.29664,19582
2025-07-31,GBPUSD,1.29664,1.29339,1.28334,1.28836,26318
2025-08-01,GBPUSD,1.28836,1.2826,1.27984,1.28122,53918
2025-08-04,GBPUSD,1.28122,1.28847,1.2813,1.28488,57940
2025-08-05,GBPUSD,1.28488,1.28583,1.27666,1.28124,23807
2025-08-06,GBPUSD,1.28124,1.28242,1.27913,1.28078,47005
2025-08-07,GBPUSD,1.28078,1.28368,1.28056,1.28212,34963
2025-08-08,GBPUSD,1.28212,1.28831,1.2828,1.28555,8281
2025-08-11,GBPUSD,1.28555,1.28657,1.2816,1.28409,26889
2025-08-12,GBPUSD,1.28409,1.28828,1.28554,1.28691,43641
2025-08-13,GBPUSD,1.28691,1.2827,1.28246,1.28258,43821
2025-08-14,GBPUSD,1.28258,1.28304,1.27892,1.28098,55438
2025-08-15,GBPUSD,1.28098,1.27787,1.27411,1.27599,39533
2025-08-18,GBPUSD,1.27599,1.28228,1.28176,1.28202,58224
2025-08-19,GBPUSD,1.28202,1.28225,1.28202,1.28214,29886
2025-08-20,GBPUSD,1.28214,1.28077,1.27643,1.2786,44379
2025-08-21,GBPUSD,1.2786,1.27869,1.27543,1.27706,39059
2025-08-22,GBPUSD,1.27706,1.28044,1.27192,1.27618,52464
2025-08-25,GBPUSD,1.27618,1.28083,1.27919,1.28001,56129
2025-08-26,GBPUSD,1.28001,1.27548,1.26872,1.2721,51293
2025-08-27,GBPUSD,1.2721,1.27164,1.26251,1.26707,57560
2025-08-28,GBPUSD,1.26707,1.26765,1.26318,1.26541,24708
2025-08-29,GBPUSD,1.26541,1.28719,1.26977,1.27848,59616
2025-09-01,GBPUSD,1.27848,1.2868,1.28045,1.28363,10447
2025-09-02,GBPUSD,1.28363,1.28642,1.2802,1.28331,25212
2025-09-03,GBPUSD,1.28331,1.28845,1.28599,1.28722,45010
2025-09-04,GBPUSD,1.28722,1.3053,1.29085,1.29807,39074
2025-09-05,GBPUSD,1.29807,1.30373,1.2905,1.29712,12530
2025-09-08,GBPUSD,1.29712,1.30307,1.28788,1.29548,42427
2025-09-09,GBPUSD,1.29548,1.3058,1.29823,1.30202,26130
2025-09-10,GBPUSD,1.30202,1.30745,1.30225,1.30485,48754
2025-09-11,GBPUSD,1.30485,1.31172,1.30551,1.30861,59765
2025-09-12,GBPUSD,1.30861,1.3091,1.30333,1.30622,16124
2025-09-15,GBPUSD,1.30622,1.31681,1.31625,1.31653,35788
2025-09-16,GBPUSD,1.31653,1.32761,1.32399,1.3258,6532
2025-09-17,GBPUSD,1.3258,1.33167,1.32646,1.32906,33695
2025-09-18,GBPUSD,1.32906,1.33328,1.33266,1.33297,51312
2025-09-19,GBPUSD,1.33297,1.3265,1.31835,1.32242,57133
2025-09-22,GBPUSD,1.32242,1.33505,1.31707,1.32606,48563
2025-09-23,GBPUSD,1.32606,1.32782,1.32278,1.3253,20622
2025-09-24,GBPUSD,1.3253,1.33198,1.32374,1.32786,25654
2025-09-25,GBPUSD,1.32786,1.33558,1.32792,1.33175,59968
2025-09-26,GBPUSD,1.33175,1.33111,1.32929,1.3302,48500
2025-09-29,GBPUSD,1.3302,1.325,1.31795,1.32147,55158
2025-09-30,GBPUSD,1.32147,1.32517,1.3222,1.32368,18545
2025-10-01,GBPUSD,1.32368,1.32363,1.31641,1.32002,25014
2025-10-02,GBPUSD,1.32002,1.32215,1.31493,1.31854,50364
2025-10-03,GBPUSD,1.31854,1.3218,1.30943,1.31562,22998
2025-10-06,GBPUSD,1.31562,1.31419,1.31398,1.31408,46493
2025-10-07,GBPUSD,1.31408,1.30415,1.30027,1.30221,11960
2025-10-08,GBPUSD,1.30221,1.31282,1.30479,1.30881,8445
2025-10-09,GBPUSD,1.30881,1.31095,1.30984,1.31039,55360
2025-10-10,GBPUSD,1.31039,1.32062,1.31234,1.31648,21668
2025-10-13,GBPUSD,1.31648,1.32724,1.3271,1.32717,15219
2025-10-14,GBPUSD,1.32717,1.32793,1.32718,1.32756,19015
2025-10-15,GBPUSD,1.32756,1.32052,1.31598,1.31825,5493
2025-10-16,GBPUSD,1.31825,1.31797,1.30963,1.3138,46816
2025-10-17,GBPUSD,1.3138,1.30906,1.30638,1.30772,53954
2025-10-20,GBPUSD,1.30772,1.30631,1.3044,1.30536,5926
2025-10-21,GBPUSD,1.30536,1.30666,1.3054,1.30603,37896
2025-10-22,GBPUSD,1.30603,1.29616,1.29551,1.29584,25057
2025-10-23,GBPUSD,1.29584,1.30138,1.29436,1.29787,41951
2025-10-24,GBPUSD,1.29787,1.29427,1.28631,1.29029,43544
2025-10-27,GBPUSD,1.29029,1.29363,1.29053,1.29208,45322
2025-10-28,GBPUSD,1.29208,1.29357,1.28998,1.29177,7523
2025-10-29,GBPUSD,1.29177,1.29361,1.28722,1.29041,7346
2025-10-30,GBPUSD,1.29041,1.29168,1.2889,1.29029,56986
2025-10-31,GBPUSD,1.29029,1.28928,1.28625,1.28776,10052
2025-11-03,GBPUSD,1.28776,1.28649,1.28325,1.28487,32883
2025-11-04,GBPUSD,1.28487,1.28421,1.26874,1.27648,32491
2025-11-05,GBPUSD,1.27648,1.278,1.27516,1.27658,25841
2025-11-06,GBPUSD,1.27658,1.29312,1.2794,1.28626,7764
2025-11-07,GBPUSD,1.28626,1.30044,1.29297,1.29671,14202
2025-11-10,GBPUSD,1.29671,1.30641,1.30123,1.30382,32737
2025-11-11,GBPUSD,1.30382,1.30926,1.30626,1.30776,11042
2025-11-12,GBPUSD,1.30776,1.30619,1.30278,1.30449,45498
2025-11-13,GBPUSD,1.30449,1.31252,1.31203,1.31227,52308
2025-11-14,GBPUSD,1.31227,1.31244,1.31205,1.31224,41157
2025-11-17,GBPUSD,1.31224,1.31327,1.31102,1.31214,50635
2025-11-18,GBPUSD,1.31214,1.31799,1.30377,1.31088,38915
2025-11-19,GBPUSD,1.31088,1.31251,1.31073,1.31162,43094
2025-11-20,GBPUSD,1.31162,1.31832,1.30089,1.3096,7552
2025-11-21,GBPUSD,1.3096,1.31088,1.30796,1.30942,34998
2025-11-24,GBPUSD,1.30942,1.30685,1.30116,1.304,18016
2025-11-25,GBPUSD,1.304,1.30511,1.29952,1.30232,15194
2025-11-26,GBPUSD,1.30232,1.31532,1.31359,1.31446,54362
2025-11-27,GBPUSD,1.31446,1.31543,1.31328,1.31435,50482
2025-11-28,GBPUSD,1.31435,1.319,1.30772,1.31336,11777
2025-12-01,GBPUSD,1.31336,1.32333,1.30952,1.31642,59257
2025-12-02,GBPUSD,1.31642,1.32464,1.31619,1.32041,34327
2025-12-03,GBPUSD,1.32041,1.32285,1.30674,1.3148,39161
2025-12-04,GBPUSD,1.3148,1.31778,1.31016,1.31397,7752
2025-12-05,GBPUSD,1.31397,1.32535,1.31276,1.31906,53606
2025-12-08,GBPUSD,1.31906,1.32493,1.31656,1.32075,56656
2025-12-09,GBPUSD,1.32075,1.32424,1.31907,1.32165,47208
2025-12-10,GBPUSD,1.32165,1.33561,1.32466,1.33013,14435
2025-12-11,GBPUSD,1.33013,1.32798,1.3256,1.32679,33940
2025-12-12,GBPUSD,1.32679,1.32877,1.32622,1.3275,27551
2025-12-15,GBPUSD,1.3275,1.32524,1.32476,1.325,26564
2025-12-16,GBPUSD,1.325,1.33544,1.33089,1.33317,35072
2025-12-17,GBPUSD,1.33317,1.32999,1.31605,1.32302,44318
2025-12-18,GBPUSD,1.32302,1.32051,1.31897,1.31974,44525
2025-12-19,GBPUSD,1.31974,1.3177,1.31672,1.31721,18299
2025-12-22,GBPUSD,1.31721,1.32483,1.31711,1.32097,56559
2025-12-23,GBPUSD,1.32097,1.32676,1.32212,1.32444,29050
2025-12-24,GBPUSD,1.32444,1.33308,1.33111,1.3321,45499
2025-12-25,GBPUSD,1.3321,1.32728,1.32067,1.32398,52688
2025-12-26,GBPUSD,1.32398,1.32839,1.32804,1.32821,24105
2025-12-29,GBPUSD,1.32821,1.33385,1.31999,1.32692,52167
2025-12-30,GBPUSD,1.32692,1.33153,1.31578,1.32365,9143
2025-12-31,GBPUSD,1.32365,1.32796,1.3256,1.32678,21418
2026-01-01,GBPUSD,1.32678,1.32565,1.31866,1.32216,43907
2026-01-02,GBPUSD,1.32216,1.31282,1.31006,1.31144,46506
2026-01-05,GBPUSD,1.31144,1.31287,1.30665,1.30976,58488
2026-01-06,GBPUSD,1.30976,1.30321,1.30114,1.30217,28197
2026-01-07,GBPUSD,1.30217,1.30443,1.29368,1.29905,5935
2026-01-08,GBPUSD,1.29905,1.30171,1.30078,1.30124,29426
2026-01-09,GBPUSD,1.30124,1.31267,1.29359,1.30313,47607
2026-01-12,GBPUSD,1.30313,1.31617,1.30716,1.31166,11360
2026-01-13,GBPUSD,1.31166,1.31524,1.30651,1.31088,14687
2026-01-14,GBPUSD,1.31088,1.30651,1.29968,1.3031,27729
2026-01-15,GBPUSD,1.3031,1.301,1.29784,1.29942,30297
2026-01-16,GBPUSD,1.29942,1.2988,1.291,1.2949,29061
2026-01-19,GBPUSD,1.2949,1.29203,1.28567,1.28885,33745
2026-01-20,GBPUSD,1.28885,1.29403,1.28868,1.29135,38716
2026-01-21,GBPUSD,1.29135,1.2917,1.28486,1.28828,38793
2026-01-22,GBPUSD,1.28828,1.28166,1.27503,1.27835,27611
2026-01-23,GBPUSD,1.27835,1.2836,1.28073,1.28217,59424
2026-01-26,GBPUSD,1.28217,1.28615,1.27755,1.28185,31912
2026-01-27,GBPUSD,1.28185,1.28991,1.27797,1.28394,42807
2026-01-28,GBPUSD,1.28394,1.28743,1.28204,1.28474,41626
2026-01-29,GBPUSD,1.28474,1.29686,1.27962,1.28824,26581
2026-01-30,GBPUSD,1.28824,1.29159,1.28579,1.28869,40245
2026-02-02,GBPUSD,1.28869,1.29777,1.29287,1.29532,44326
2026-02-03,GBPUSD,1.29532,1.29966,1.29591,1.29778,31478
2026-02-04,GBPUSD,1.29778,1.30737,1.29279,1.30008,30670
2026-02-05,GBPUSD,1.30008,1.30705,1.29789,1.30247,37866
2026-02-06,GBPUSD,1.30247,1.29961,1.29067,1.29514,27721
2026-02-09,GBPUSD,1.29514,1.29792,1.29117,1.29455,46666
2026-02-10,GBPUSD,1.29455,1.29796,1.28897,1.29346,25110
2026-02-11,GBPUSD,1.29346,1.2977,1.2919,1.2948,10178
2026-02-12,GBPUSD,1.2948,1.2917,1.28433,1.28802,32137
2026-02-13,GBPUSD,1.28802,1.29712,1.29627,1.29669,54624
2026-02-16,GBPUSD,1.29669,1.30373,1.29126,1.2975,20465
2026-02-17,GBPUSD,1.2975,1.29717,1.28577,1.29147,22093
2026-02-18,GBPUSD,1.29147,1.29216,1.27364,1.2829,18315
2026-02-19,GBPUSD,1.2829,1.28597,1.27746,1.28171,56092
2026-02-20,GBPUSD,1.28171,1.28254,1.28047,1.28151,13165
2026-02-23,GBPUSD,1.28151,1.27895,1.27721,1.27808,29354
2026-02-24,GBPUSD,1.27808,1.27945,1.27817,1.27881,29212
2026-02-25,GBPUSD,1.27881,1.27682,1.27475,1.27579,36023
2026-02-26,GBPUSD,1.27579,1.27968,1.27804,1.27886,21129
2026-02-27,GBPUSD,1.27886,1.27976,1.27106,1.27541,46966
2026-03-02,GBPUSD,1.27541,1.28365,1.26728,1.27546,51031
2026-03-03,GBPUSD,1.27546,1.28071,1.28071,1.28071,28974
2026-03-04,GBPUSD,1.28071,1.29692,1.29137,1.29414,51634
2026-03-05,GBPUSD,1.29414,1.2897,1.28867,1.28919,11664
2026-03-06,GBPUSD,1.28919,1.2879,1.2862,1.28705,23913
2026-03-09,GBPUSD,1.28705,1.28649,1.27947,1.28298,53705
2026-03-10,GBPUSD,1.28298,1.28974,1.28479,1.28726,39052
2026-03-11,GBPUSD,1.28726,1.28466,1.27856,1.28161,14415
2026-03-12,GBPUSD,1.28161,1.28072,1.27804,1.27938,54625
2026-03-13,GBPUSD,1.27938,1.2821,1.27688,1.27949,53263
2026-03-16,GBPUSD,1.27949,1.28254,1.26693,1.27473,24753
2026-03-17,GBPUSD,1.27473,1.27891,1.26131,1.27011,15301
2026-03-18,GBPUSD,1.27011,1.27351,1.26238,1.26795,35509
2026-03-19,GBPUSD,1.26795,1.25869,1.25641,1.25755,37231
2026-03-20,GBPUSD,1.25755,1.25994,1.24111,1.25053,29395
2026-03-23,GBPUSD,1.25053,1.25165,1.24577,1.24871,44182
2026-03-24,GBPUSD,1.24871,1.25053,1.24887,1.2497,40764
2026-03-25,GBPUSD,1.2497,1.2498,1.24824,1.24902,48203
2026-03-26,GBPUSD,1.24902,1.24242,1.2384,1.24041,57787
2026-03-27,GBPUSD,1.24041,1.23915,1.23757,1.23836,46401
2026-03-30,GBPUSD,1.23836,1.24461,1.24051,1.24256,12624
2026-03-31,GBPUSD,1.24256,1.24835,1.24279,1.24557,5418
2026-04-01,GBPUSD,1.24557,1.24691,1.24394,1.24543,58096
2026-04-02,GBPUSD,1.24543,1.2429,1.23961,1.24126,49380
2026-04-03,GBPUSD,1.24126,1.24913,1.24015,1.24464,41615
2026-04-06,GBPUSD,1.24464,1.24219,1.24182,1.242,18912
2026-04-07,GBPUSD,1.242,1.23976,1.23313,1.23644,48772
2026-04-08,GBPUSD,1.23644,1.23339,1.23206,1.23272,11000
2026-04-09,GBPUSD,1.23272,1.24399,1.23624,1.24011,39931
2026-04-10,GBPUSD,1.24011,1.24282,1.24009,1.24145,25709
2026-04-13,GBPUSD,1.24145,1.24935,1.24557,1.24746,52867
2026-04-14,GBPUSD,1.24746,1.24665,1.24398,1.24531,42501
2026-04-15,GBPUSD,1.24531,1.25046,1.25002,1.25024,22943
2026-04-16,GBPUSD,1.25024,1.24796,1.247,1.24748,48473
2026-04-17,GBPUSD,1.24748,1.24809,1.24579,1.24694,43942
2026-04-20,GBPUSD,1.24694,1.26246,1.25673,1.25959,18845
2026-04-21,GBPUSD,1.25959,1.26782,1.2596,1.26371,19526
2026-04-22,GBPUSD,1.26371,1.2665,1.25636,1.26143,26266
2026-04-23,GBPUSD,1.26143,1.26138,1.26113,1.26125,32976
2026-04-24,GBPUSD,1.26125,1.26599,1.26032,1.26315,20221
2026-04-27,GBPUSD,1.26315,1.27138,1.26766,1.26952,42481
2026-04-28,GBPUSD,1.26952,1.26987,1.26472,1.26729,33840
2026-04-29,GBPUSD,1.26729,1.25932,1.25811,1.25872,16061
2026-04-30,GBPUSD,1.25872,1.26027,1.25485,1.25756,43640
2026-05-01,GBPUSD,1.25756,1.2622,1.25358,1.25789,8363
2026-05-04,GBPUSD,1.25789,1.26164,1.25574,1.25869,56108
2026-05-05,GBPUSD,1.25869,1.2742,1.25695,1.26557,48502
2026-05-06,GBPUSD,1.26557,1.27021,1.26465,1.26743,9982
2026-05-07,GBPUSD,1.26743,1.27947,1.26414,1.27181,49492
2026-05-08,GBPUSD,1.27181,1.26661,1.26631,1.26646,23284
2026-05-11,GBPUSD,1.26646,1.27515,1.26707,1.27111,41611
2026-05-12,GBPUSD,1.27111,1.28451,1.27953,1.28202,17979
2026-05-13,GBPUSD,1.28202,1.2914,1.28108,1.28624,22678
2026-05-14,GBPUSD,1.28624,1.29075,1.28486,1.2878,5812
2026-05-15,GBPUSD,1.2878,1.29573,1.28198,1.28885,41199
2026-05-18,GBPUSD,1.28885,1.29956,1.29708,1.29832,37424
2026-05-19,GBPUSD,1.29832,1.29378,1.29375,1.29377,9613
2026-05-20,GBPUSD,1.29377,1.29755,1.28935,1.29345,20178
2026-05-21,GBPUSD,1.29345,1.30563,1.28655,1.29609,41438
2026-05-22,GBPUSD,1.29609,1.30527,1.29515,1.30021,48899
2026-05-25,GBPUSD,1.30021,1.29874,1.29765,1.29819,36690
2026-05-26,GBPUSD,1.29819,1.30143,1.29867,1.30005,14040
2026-05-27,GBPUSD,1.30005,1.30127,1.29646,1.29886,38946
2026-05-28,GBPUSD,1.29886,1.30214,1.29736,1.29975,17287
2026-05-29,GBPUSD,1.29975,1.30345,1.2952,1.29932,29584
2026-06-01,GBPUSD,1.29932,1.29385,1.29345,1.29365,31354
2026-06-02,GBPUSD,1.29365,1.29748,1.29012,1.2938,17383
2026-06-03,GBPUSD,1.2938,1.29884,1.29836,1.2986,49764
2026-06-04,GBPUSD,1.2986,1.29421,1.29346,1.29383,44923
2026-06-05,GBPUSD,1.29383,1.30192,1.28377,1.29284,11028
2026-06-08,GBPUSD,1.29284,1.29985,1.29323,1.29654,30527
2026-06-09,GBPUSD,1.29654,1.29172,1.29078,1.29125,11293
2026-06-10,GBPUSD,1.29125,1.29309,1.29182,1.29245,45995
2026-06-11,GBPUSD,1.29245,1.28892,1.28554,1.28723,26177
2026-06-12,GBPUSD,1.28723,1.29739,1.28927,1.29333,25029
2026-06-15,GBPUSD,1.29333,1.30748,1.30363,1.30555,18546
2026-06-16,GBPUSD,1.30555,1.31962,1.31313,1.31638,9828
2026-06-17,GBPUSD,1.31638,1.32196,1.30901,1.31549,12386
2026-06-18,GBPUSD,1.31549,1.32331,1.31598,1.31964,34835
2026-06-19,GBPUSD,1.31964,1.32267,1.31842,1.32055,44905
2026-06-22,GBPUSD,1.32055,1.32153,1.32117,1.32135,39251
2026-06-23,GBPUSD,1.32135,1.33385,1.32574,1.32979,17429
2026-06-24,GBPUSD,1.32979,1.32452,1.32156,1.32304,55697
2026-06-25,GBPUSD,1.32304,1.32902,1.32877,1.32889,40813
2026-06-26,GBPUSD,1.32889,1.33091,1.32689,1.3289,53826
2026-06-29,GBPUSD,1.3289,1.33903,1.33427,1.33665,5259
2026-06-30,GBPUSD,1.33665,1.33893,1.33691,1.33792,8143
2025-07-01,USDJPY,156.2,157.02746,155.54145,156.28445,27334
2025-07-02,USDJPY,156.28445,156.58136,156.26919,156.42527,59529
2025-07-03,USDJPY,156.42527,156.54932,155.69963,156.12447,19022
2025-07-04,USDJPY,156.12447,156.16725,156.10339,156.13532,58163
2025-07-07,USDJPY,156.13532,157.76769,156.57558,157.17163,5154
2025-07-08,USDJPY,157.17163,156.58613,155.67978,156.13296,7061
2025-07-09,USDJPY,156.13296,156.32604,156.32519,156.32562,16689
2025-07-10,USDJPY,156.32562,155.8132,155.76633,155.78976,56935
2025-07-11,USDJPY,155.78976,155.9916,155.88335,155.93747,40386
2025-07-14,USDJPY,155.93747,156.7717,156.21334,156.49252,34231
2025-07-15,USDJPY,156.49252,157.42005,155.55546,156.48776,11746
2025-07-16,USDJPY,156.48776,157.00639,156.99942,157.00291,11913
2025-07-17,USDJPY,157.00291,156.58024,155.4915,156.03587,52150
2025-07-18,USDJPY,156.03587,156.98863,156.52737,156.758,50131
2025-07-21,USDJPY,156.758,156.7616,156.06073,156.41117,8285
2025-07-22,USDJPY,156.41117,157.14218,156.52154,156.83186,28813
2025-07-23,USDJPY,156.83186,157.04408,156.91128,156.97768,35053
2025-07-24,USDJPY,156.97768,155.70594,155.0652,155.38557,44225
2025-07-25,USDJPY,155.38557,154.95815,154.93529,154.94672,5490
2025-07-28,USDJPY,154.94672,155.91509,154.31367,155.11438,50497
2025-07-29,USDJPY,155.11438,156.73641,155.48275,156.10958,33917
2025-07-30,USDJPY,156.10958,156.70538,155.93498,156.32018,34592
2025-07-31,USDJPY,156.32018,156.74395,156.2812,156.51258,24797
2025-08-01,USDJPY,156.51258,155.83948,155.47946,155.65947,7731
2025-08-04,USDJPY,155.65947,157.17009,155.99329,156.58169,56208
2025-08-05,USDJPY,156.58169,158.0609,157.42874,157.74482,50235
2025-08-06,USDJPY,157.74482,157.80443,157.78437,157.7944,50576
2025-08-07,USDJPY,157.7944,158.72231,156.65221,157.68726,43172
2025-08-08,USDJPY,157.68726,157.0203,156.37486,156.69758,31762
2025-08-11,USDJPY,156.69758,157.45455,157.11061,157.28258,55057
2025-08-12,USDJPY,157.28258,159.37319,158.65505,159.01412,10965
2025-08-13,USDJPY,159.01412,159.70271,159.30139,159.50205,19857
2025-08-14,USDJPY,159.50205,160.76349,159.91691,160.3402,29646
2025-08-15,USDJPY,160.3402,160.75611,160.68377,160.71994,48184
2025-08-18,USDJPY,160.71994,160.20032,160.03736,160.11884,23390
2025-08-19,USDJPY,160.11884,161.98342,160.03052,161.00697,53021
2025-08-20,USDJPY,161.00697,160.32928,160.15886,160.24407,22359
2025-08-21,USDJPY,160.24407,160.28092,160.00126,160.14109,24527
2025-08-22,USDJPY,160.14109,160.56852,160.13495,160.35174,22653
2025-08-25,USDJPY,160.35174,161.76666,160.13356,160.95011,27560
2025-08-26,USDJPY,160.95011,161.42651,161.07371,161.25011,49815
2025-08-27,USDJPY,161.25011,161.55164,161.5121,161.53187,23369
2025-08-28,USDJPY,161.53187,161.1228,161.02152,161.07216,31832
2025-08-29,USDJPY,161.07216,160.83494,159.71236,160.27365,5315
2025-09-01,USDJPY,160.27365,160.6579,160.03233,160.34512,35454
2025-09-02,USDJPY,160.34512,160.52123,159.32213,159.92168,17735
2025-09-03,USDJPY,159.92168,159.2269,159.00728,159.11709,32050
2025-09-04,USDJPY,159.11709,158.98051,157.70585,158.34318,23234
2025-09-05,USDJPY,158.34318,158.40193,157.7269,158.06441,25888
2025-09-08,USDJPY,158.06441,157.17188,156.67756,156.92472,10962
2025-09-09,USDJPY,156.92472,156.62703,155.59357,156.1103,30303
2025-09-10,USDJPY,156.1103,155.30416,154.93679,155.12048,47105
2025-09-11,USDJPY,155.12048,155.40678,155.1224,155.26459,38526
2025-09-12,USDJPY,155.26459,155.65512,155.44293,155.54902,28482
2025-09-15,USDJPY,155.54902,157.33635,156.32159,156.82897,51538
2025-09-16,USDJPY,156.82897,156.98022,154.8616,155.92091,36251
2025-09-17,USDJPY,155.92091,155.92538,155.1311,155.52824,38756
2025-09-18,USDJPY,155.52824,156.61183,155.64236,156.12709,20653
2025-09-19,USDJPY,156.12709,156.54456,155.50132,156.02294,42709
2025-09-22,USDJPY,156.02294,156.26048,155.43966,155.85007,24819
2025-09-23,USDJPY,155.85007,157.35239,156.54109,156.94674,15718
2025-09-24,USDJPY,156.94674,156.9111,156.62026,156.76568,46436
2025-09-25,USDJPY,156.76568,156.4991,155.64495,156.07203,36748
2025-09-26,USDJPY,156.07203,155.33959,155.22259,155.28109,30839
2025-09-29,USDJPY,155.28109,155.71261,155.3287,155.52065,44246
2025-09-30,USDJPY,155.52065,156.09115,155.39213,155.74164,37808
2025-10-01,USDJPY,155.74164,154.98049,154.85605,154.91827,46764
2025-10-02,USDJPY,154.91827,155.11535,153.56191,154.33863,28247
2025-10-03,USDJPY,154.33863,154.85278,154.54643,154.6996,59982
2025-10-06,USDJPY,154.6996,155.39156,154.78395,155.08775,35636
2025-10-07,USDJPY,155.08775,154.75062,154.68887,154.71975,30850
2025-10-08,USDJPY,154.71975,155.57229,154.69924,155.13577,54354
2025-10-09,USDJPY,155.13577,155.65096,155.39235,155.52166,59947
2025-10-10,USDJPY,155.52166,154.8524,154.03466,154.44353,19707
2025-10-13,USDJPY,154.44353,154.66947,153.8938,154.28163,17784
2025-10-14,USDJPY,154.28163,154.66788,154.46947,154.56867,33548
2025-10-15,USDJPY,154.56867,154.77154,153.719,154.24527,8940
2025-10-16,USDJPY,154.24527,153.18977,152.72311,152.95644,42797
2025-10-17,USDJPY,152.95644,152.90194,152.72581,152.81387,42294
2025-10-20,USDJPY,152.81387,153.78529,152.82303,153.30416,9773
2025-10-21,USDJPY,153.30416,154.69131,153.91659,154.30395,19788
2025-10-22,USDJPY,154.30395,153.22287,152.74238,152.98263,57910
2025-10-23,USDJPY,152.98263,155.62185,153.60293,154.61239,14922
2025-10-24,USDJPY,154.61239,154.13515,153.75732,153.94624,32431
2025-10-27,USDJPY,153.94624,154.81206,154.32057,154.56632,42401
2025-10-28,USDJPY,154.56632,155.62278,155.0978,155.36029,18493
2025-10-29,USDJPY,155.36029,156.07975,155.92475,156.00225,23612
2025-10-30,USDJPY,156.00225,156.43404,155.81959,156.12681,46823
2025-10-31,USDJPY,156.12681,155.52108,155.34437,155.43273,28367
2025-11-03,USDJPY,155.43273,156.81552,154.89121,155.85336,49856
2025-11-04,USDJPY,155.85336,155.53834,155.33895,155.43865,8268
2025-11-05,USDJPY,155.43865,154.56951,153.23297,153.90124,39684
2025-11-06,USDJPY,153.90124,155.80273,155.54427,155.6735,23745
2025-11-07,USDJPY,155.6735,156.42924,155.86189,156.14557,55388
2025-11-10,USDJPY,156.14557,157.99362,156.63105,157.31234,29164
2025-11-11,USDJPY,157.31234,156.82992,156.7104,156.77016,9890
2025-11-12,USDJPY,156.77016,157.75438,157.68913,157.72176,51011
2025-11-13,USDJPY,157.72176,158.87204,158.64062,158.75633,34017
2025-11-14,USDJPY,158.75633,160.80719,158.74333,159.77526,8297
2025-11-17,USDJPY,159.77526,160.21582,159.37151,159.79366,45858
2025-11-18,USDJPY,159.79366,159.24177,158.8723,159.05704,37107
2025-11-19,USDJPY,159.05704,159.18496,158.76711,158.97604,55424
2025-11-20,USDJPY,158.97604,157.72773,157.48643,157.60708,43632
2025-11-21,USDJPY,157.60708,156.67273,156.45848,156.56561,40279
2025-11-24,USDJPY,156.56561,156.84582,156.46318,156.6545,17180
2025-11-25,USDJPY,156.6545,156.65969,155.46951,156.0646,38127
2025-11-26,USDJPY,156.0646,156.42886,155.55745,155.99316,14352
2025-11-27,USDJPY,155.99316,156.09232,155.82036,155.95634,26352
2025-11-28,USDJPY,155.95634,157.26062,157.12332,157.19197,28788
2025-12-01,USDJPY,157.19197,158.21789,157.86073,158.03931,36438
2025-12-02,USDJPY,158.03931,158.31466,157.77045,158.04255,16522
2025-12-03,USDJPY,158.04255,159.23601,158.44078,158.83839,35513
2025-12-04,USDJPY,158.83839,158.40249,158.34704,158.37477,22858
2025-12-05,USDJPY,158.37477,158.75337,157.63267,158.19302,54776
2025-12-08,USDJPY,158.19302,159.30468,158.29656,158.80062,59492
2025-12-09,USDJPY,158.80062,158.76593,157.32142,158.04368,50490
2025-12-10,USDJPY,158.04368,158.29871,157.49913,157.89892,17930
2025-12-11,USDJPY,157.89892,157.30974,156.88278,157.09626,45545
2025-12-12,USDJPY,157.09626,157.5708,156.83219,157.2015,59013
2025-12-15,USDJPY,157.2015,158.95545,157.56349,158.25947,55808
2025-12-16,USDJPY,158.25947,158.63482,156.99521,157.81502,53007
2025-12-17,USDJPY,157.81502,158.60049,157.37786,157.98917,8638
2025-12-18,USDJPY,157.98917,157.64725,157.26015,157.4537,13267
2025-12-19,USDJPY,157.4537,156.91422,156.60815,156.76119,47328
2025-12-22,USDJPY,156.76119,156.25872,155.77649,156.01761,21869
2025-12-23,USDJPY,156.01761,157.00349,156.90986,156.95668,30498
2025-12-24,USDJPY,156.95668,159.48635,157.45619,158.47127,31576
2025-12-25,USDJPY,158.47127,159.04516,158.57316,158.80916,46349
2025-12-26,USDJPY,158.80916,159.0603,157.71151,158.3859,45785
2025-12-29,USDJPY,158.3859,159.17912,158.5492,158.86416,21289
2025-12-30,USDJPY,158.86416,158.88002,158.48695,158.68349,48518
2025-12-31,USDJPY,158.68349,159.77619,158.67161,159.2239,30703
2026-01-01,USDJPY,159.2239,160.09686,158.78529,159.44107,37107
2026-01-02,USDJPY,159.44107,160.13321,159.16948,159.65135,50352
2026-01-05,USDJPY,159.65135,160.07681,160.06536,160.07109,20659
2026-01-06,USDJPY,160.07109,160.01478,159.44934,159.73206,6934
2026-01-07,USDJPY,159.73206,159.77564,159.23565,159.50565,41043
2026-01-08,USDJPY,159.50565,158.91205,157.96665,158.43935,21011
2026-01-09,USDJPY,158.43935,158.56666,157.81534,158.191,19296
2026-01-12,USDJPY,158.191,157.75714,156.88815,157.32264,31865
2026-01-13,USDJPY,157.32264,157.47528,157.05084,157.26306,53240
2026-01-14,USDJPY,157.26306,157.64985,155.73437,156.69211,51832
2026-01-15,USDJPY,156.69211,157.36937,156.20443,156.7869,45165
2026-01-16,USDJPY,156.7869,157.331,156.87401,157.10251,19851
2026-01-19,USDJPY,157.10251,156.60876,155.87425,156.24151,56970
2026-01-20,USDJPY,156.24151,155.92311,155.60586,155.76448,50269
2026-01-21,USDJPY,155.76448,155.68871,154.72709,155.2079,7048
2026-01-22,USDJPY,155.2079,155.86241,155.54236,155.70239,18449
2026-01-23,USDJPY,155.70239,157.29146,156.30107,156.79627,11677
2026-01-26,USDJPY,156.79627,157.42512,157.29827,157.3617,21673
2026-01-27,USDJPY,157.3617,157.75303,156.59343,157.17323,42238
2026-01-28,USDJPY,157.17323,158.71638,157.53503,158.1257,35459
2026-01-29,USDJPY,158.1257,157.24656,157.15274,157.19965,13006
2026-01-30,USDJPY,157.19965,158.85682,157.49095,158.17388,40964
2026-02-02,USDJPY,158.17388,157.86831,157.71235,157.79033,37714
2026-02-03,USDJPY,157.79033,156.10776,156.0264,156.06708,53403
2026-02-04,USDJPY,156.06708,158.1892,157.31701,157.75311,22110
2026-02-05,USDJPY,157.75311,158.91797,158.64285,158.78041,53370
2026-02-06,USDJPY,158.78041,158.52573,157.78785,158.15679,41123
2026-02-09,USDJPY,158.15679,158.9187,157.67199,158.29534,18758
2026-02-10,USDJPY,158.29534,158.49948,157.88289,158.19119,22782
2026-02-11,USDJPY,158.19119,158.45305,158.12196,158.28751,46008
2026-02-12,USDJPY,158.28751,157.51107,157.24897,157.38002,43062
2026-02-13,USDJPY,157.38002,158.02162,155.94334,156.98248,39924
2026-02-16,USDJPY,156.98248,157.35645,157.259,157.30773,27176
2026-02-17,USDJPY,157.30773,157.78558,157.17305,157.47931,26237
2026-02-18,USDJPY,157.47931,158.62848,157.90398,158.26623,35741
2026-02-19,USDJPY,158.26623,158.39127,158.30547,158.34837,47682
2026-02-20,USDJPY,158.34837,161.00856,158.72749,159.86802,18930
2026-02-23,USDJPY,159.86802,159.76345,159.12116,159.44231,54363
2026-02-24,USDJPY,159.44231,159.95684,159.32234,159.63959,15962
2026-02-25,USDJPY,159.63959,158.86203,158.03364,158.44784,31355
2026-02-26,USDJPY,158.44784,158.55704,156.81356,157.6853,22017
2026-02-27,USDJPY,157.6853,158.88408,158.22551,158.55479,55385
2026-03-02,USDJPY,158.55479,158.10086,157.87626,157.98856,14657
2026-03-03,USDJPY,157.98856,158.73919,157.97186,158.35552,12019
2026-03-04,USDJPY,158.35552,158.78782,157.90831,158.34807,42595
2026-03-05,USDJPY,158.34807,158.01075,157.4255,157.71813,14140
2026-03-06,USDJPY,157.71813,158.58973,156.47021,157.52997,59382
2026-03-09,USDJPY,157.52997,157.62894,156.84595,157.23745,47031
2026-03-10,USDJPY,157.23745,157.29482,156.62991,156.96236,53504
2026-03-11,USDJPY,156.96236,157.59757,157.33625,157.46691,21805
2026-03-12,USDJPY,157.46691,158.39371,157.42488,157.90929,46063
2026-03-13,USDJPY,157.90929,158.13891,157.01339,157.57615,37195
2026-03-16,USDJPY,157.57615,157.84858,156.22325,157.03592,28300
2026-03-17,USDJPY,157.03592,157.57682,156.91252,157.24467,32338
2026-03-18,USDJPY,157.24467,158.02728,156.39915,157.21321,5920
2026-03-19,USDJPY,157.21321,158.44643,157.33616,157.89129,13018
2026-03-20,USDJPY,157.89129,160.13056,159.06917,159.59986,11838
2026-03-23,USDJPY,159.59986,160.56472,159.77509,160.16991,46482
2026-03-24,USDJPY,160.16991,160.73544,159.62394,160.17969,19803
2026-03-25,USDJPY,160.17969,160.51817,159.68482,160.10149,45778
2026-03-26,USDJPY,160.10149,159.66555,159.50421,159.58488,44102
2026-03-27,USDJPY,159.58488,159.69841,158.37765,159.03803,12986
2026-03-30,USDJPY,159.03803,159.10556,157.75747,158.43152,22879
2026-03-31,USDJPY,158.43152,158.67834,157.747,158.21267,19287
2026-04-01,USDJPY,158.21267,158.29243,157.65556,157.97399,11292
2026-04-02,USDJPY,157.97399,159.55932,157.39178,158.47555,49032
2026-04-03,USDJPY,158.47555,158.28953,158.2191,158.25432,25474
2026-04-06,USDJPY,158.25432,158.46485,157.85711,158.16098,55172
2026-04-07,USDJPY,158.16098,157.79869,157.04506,157.42188,51438
2026-04-08,USDJPY,157.42188,159.34537,157.63249,158.48893,52854
2026-04-09,USDJPY,158.48893,159.07369,158.61038,158.84203,45706
2026-04-10,USDJPY,158.84203,160.59466,159.42613,160.0104,32602
2026-04-13,USDJPY,160.0104,160.73113,160.37374,160.55244,28392
2026-04-14,USDJPY,160.55244,162.20785,160.87456,161.54121,25206
2026-04-15,USDJPY,161.54121,161.6518,161.17411,161.41295,39509
2026-04-16,USDJPY,161.41295,162.28405,161.53249,161.90827,29488
2026-04-17,USDJPY,161.90827,164.19198,163.19367,163.69283,52215
2026-04-20,USDJPY,163.69283,162.99284,162.85602,162.92443,14701
2026-04-21,USDJPY,162.92443,164.26512,163.18205,163.72359,25100
2026-04-22,USDJPY,163.72359,165.05613,164.68048,164.86831,32279
2026-04-23,USDJPY,164.86831,165.55346,164.80454,165.179,20476
2026-04-24,USDJPY,165.179,165.86492,165.57034,165.71763,17698
2026-04-27,USDJPY,165.71763,166.65382,166.54418,166.599,35879
2026-04-28,USDJPY,166.599,166.7592,165.61208,166.18564,13907
2026-04-29,USDJPY,166.18564,166.85082,166.14188,166.49635,47997
2026-04-30,USDJPY,166.49635,166.7166,165.1599,165.93825,25934
2026-05-01,USDJPY,165.93825,165.71471,165.31053,165.51262,46255
2026-05-04,USDJPY,165.51262,165.57192,164.68327,165.1276,8516
2026-05-05,USDJPY,165.1276,165.28976,164.83826,165.06401,48354
2026-05-06,USDJPY,165.06401,165.7064,164.68543,165.19591,30869
2026-05-07,USDJPY,165.19591,165.80784,165.26199,165.53492,51823
2026-05-08,USDJPY,165.53492,165.07686,164.13778,164.60732,43287
2026-05-11,USDJPY,164.60732,166.43783,165.51162,165.97473,49213
2026-05-12,USDJPY,165.97473,167.32681,166.26053,166.79367,40827
2026-05-13,USDJPY,166.79367,168.40713,166.23909,167.32311,11008
2026-05-14,USDJPY,167.32311,167.62528,166.59724,167.11126,58639
2026-05-15,USDJPY,167.11126,167.44665,166.72065,167.08365,26566
2026-05-18,USDJPY,167.08365,167.6459,167.33832,167.49211,53718
2026-05-19,USDJPY,167.49211,168.51174,167.10419,167.80796,32997
2026-05-20,USDJPY,167.80796,167.34913,166.02345,166.68629,39856
2026-05-21,USDJPY,166.68629,167.80611,166.64564,167.22588,14995
2026-05-22,USDJPY,167.22588,169.4413,169.07504,169.25817,54369
2026-05-25,USDJPY,169.25817,168.19669,167.82371,168.0102,48512
2026-05-26,USDJPY,168.0102,169.89219,167.56595,168.72907,29444
2026-05-27,USDJPY,168.72907,169.39967,168.63688,169.01827,28053
2026-05-28,USDJPY,169.01827,169.57391,168.37554,168.97472,48938
2026-05-29,USDJPY,168.97472,170.50321,169.41583,169.95952,14087
2026-06-01,USDJPY,169.95952,169.51248,168.82445,169.16846,20646
2026-06-02,USDJPY,169.16846,169.35327,169.27745,169.31536,12742
2026-06-03,USDJPY,169.31536,171.15171,169.58117,170.36644,33968
2026-06-04,USDJPY,170.36644,171.20499,169.3206,170.26279,25487
2026-06-05,USDJPY,170.26279,170.44342,169.56557,170.0045,58892
2026-06-08,USDJPY,170.0045,170.24494,169.9925,170.11872,54147
2026-06-09,USDJPY,170.11872,169.94379,169.74009,169.84194,37933
2026-06-10,USDJPY,169.84194,171.67936,170.23171,170.95553,47092
2026-06-11,USDJPY,170.95553,170.58538,170.11963,170.35251,32873
2026-06-12,USDJPY,170.35251,171.5149,170.48061,170.99776,28400
2026-06-15,USDJPY,170.99776,170.53058,169.77317,170.15188,48301
2026-06-16,USDJPY,170.15188,171.22836,170.07939,170.65387,24855
2026-06-17,USDJPY,170.65387,171.00495,170.22389,170.61442,22179
2026-06-18,USDJPY,170.61442,169.01997,168.65304,168.83651,12779
2026-06-19,USDJPY,168.83651,169.82662,167.90563,168.86612,50707
2026-06-22,USDJPY,168.86612,168.31896,167.99915,168.15906,48589
2026-06-23,USDJPY,168.15906,167.94072,167.83016,167.88544,6020
2026-06-24,USDJPY,167.88544,170.11769,167.84451,168.9811,51362
2026-06-25,USDJPY,168.9811,168.42092,168.05616,168.23854,18104
2026-06-26,USDJPY,168.23854,167.9489,167.1285,167.5387,53829
2026-06-29,USDJPY,167.5387,168.93613,168.19313,168.56463,14748
2026-06-30,USDJPY,168.56463,169.27669,168.08074,168.67871,13723
2025-07-01,XAUUSD,2380.0,2391.76938,2364.57091,2378.17014,19154
2025-07-02,XAUUSD,2378.17014,2386.65309,2381.20291,2383.928,7945
2025-07-03,XAUUSD,2383.928,2383.24715,2378.51123,2380.87919,11204
2025-07-04,XAUUSD,2380.87919,2363.26083,2355.05639,2359.15861,59451
2025-07-07,XAUUSD,2359.15861,2369.12507,2367.00088,2368.06297,44131
2025-07-08,XAUUSD,2368.06297,2378.87914,2366.38574,2372.63244,22925
2025-07-09,XAUUSD,2372.63244,2371.99988,2369.82715,2370.91352,56871
2025-07-10,XAUUSD,2370.91352,2388.38519,2382.41227,2385.39873,21604
2025-07-11,XAUUSD,2385.39873,2408.31126,2398.31954,2403.3154,39552
2025-07-14,XAUUSD,2403.3154,2402.60339,2373.48754,2388.04546,31590
2025-07-15,XAUUSD,2388.04546,2387.87539,2366.78782,2377.3316,55206
2025-07-16,XAUUSD,2377.3316,2416.28048,2383.47458,2399.87753,31507
2025-07-17,XAUUSD,2399.87753,2427.91082,2413.66504,2420.78793,8254
2025-07-18,XAUUSD,2420.78793,2417.87758,2403.21667,2410.54713,26829
2025-07-21,XAUUSD,2410.54713,2404.06612,2383.83846,2393.95229,54040
2025-07-22,XAUUSD,2393.95229,2386.1207,2384.42579,2385.27324,26695
2025-07-23,XAUUSD,2385.27324,2384.41607,2372.8268,2378.62144,53252
2025-07-24,XAUUSD,2378.62144,2360.64095,2352.33865,2356.4898,6646
2025-07-25,XAUUSD,2356.4898,2364.24086,2350.56269,2357.40177,39587
2025-07-28,XAUUSD,2357.40177,2345.40869,2334.12306,2339.76588,13195
2025-07-29,XAUUSD,2339.76588,2324.14843,2322.33489,2323.24166,28621
2025-07-30,XAUUSD,2323.24166,2349.85439,2323.09827,2336.47633,34587
2025-07-31,XAUUSD,2336.47633,2328.47228,2326.2599,2327.36609,43772
2025-08-01,XAUUSD,2327.36609,2327.46189,2326.20516,2326.83352,45000
2025-08-04,XAUUSD,2326.83352,2341.02105,2331.14236,2336.08171,18415
2025-08-05,XAUUSD,2336.08171,2353.01824,2342.8767,2347.94747,43421
2025-08-06,XAUUSD,2347.94747,2356.93268,2330.40577,2343.66923,41720
2025-08-07,XAUUSD,2343.66923,2353.26801,2336.24867,2344.75834,5845
2025-08-08,XAUUSD,2344.75834,2340.97023,2326.25982,2333.61503,43184
2025-08-11,XAUUSD,2333.61503,2364.27229,2352.82375,2358.54802,56245
2025-08-12,XAUUSD,2358.54802,2376.73455,2359.70016,2368.21736,34694
2025-08-13,XAUUSD,2368.21736,2367.84961,2338.17985,2353.01473,15615
2025-08-14,XAUUSD,2353.01473,2355.88799,2351.19725,2353.54262,19304
2025-08-15,XAUUSD,2353.54262,2369.17699,2359.00217,2364.08958,47375
2025-08-18,XAUUSD,2364.08958,2374.40554,2368.31969,2371.36262,5115
2025-08-19,XAUUSD,2371.36262,2405.52247,2390.20282,2397.86264,14255
2025-08-20,XAUUSD,2397.86264,2424.69514,2411.47689,2418.08601,15767
2025-08-21,XAUUSD,2418.08601,2421.25315,2400.23704,2410.74509,18013
2025-08-22,XAUUSD,2410.74509,2420.17889,2399.6957,2409.93729,50857
2025-08-25,XAUUSD,2409.93729,2392.39247,2391.38489,2391.88868,11729
2025-08-26,XAUUSD,2391.88868,2400.59132,2391.30276,2395.94704,16675
2025-08-27,XAUUSD,2395.94704,2403.99227,2393.20224,2398.59726,53679
2025-08-28,XAUUSD,2398.59726,2449.3518,2426.61696,2437.98438,9088
2025-08-29,XAUUSD,2437.98438,2447.5956,2432.20298,2439.89929,21358
2025-09-01,XAUUSD,2439.89929,2418.28252,2401.20412,2409.74332,18564
2025-09-02,XAUUSD,2409.74332,2403.21015,2397.80572,2400.50793,48748
2025-09-03,XAUUSD,2400.50793,2408.14009,2397.07233,2402.60621,33554
2025-09-04,XAUUSD,2402.60621,2385.71508,2384.24585,2384.98047,13295
2025-09-05,XAUUSD,2384.98047,2374.57377,2371.52188,2373.04782,37245
2025-09-08,XAUUSD,2373.04782,2375.33249,2361.30032,2368.31641,54784
2025-09-09,XAUUSD,2368.31641,2385.02167,2362.27268,2373.64718,53243
2025-09-10,XAUUSD,2373.64718,2378.47041,2365.06384,2371.76713,56015
2025-09-11,XAUUSD,2371.76713,2369.86805,2349.30627,2359.58716,52011
2025-09-12,XAUUSD,2359.58716,2385.17169,2357.2497,2371.2107,52510
2025-09-15,XAUUSD,2371.2107,2368.61801,2359.39673,2364.00737,58280
2025-09-16,XAUUSD,2364.00737,2365.78505,2349.01086,2357.39796,38418
2025-09-17,XAUUSD,2357.39796,2341.98073,2334.72949,2338.35511,53634
2025-09-18,XAUUSD,2338.35511,2328.33366,2327.2561,2327.79488,22771
2025-09-19,XAUUSD,2327.79488,2339.34635,2335.38081,2337.36358,29764
2025-09-22,XAUUSD,2337.36358,2322.65479,2307.63474,2315.14476,23298
2025-09-23,XAUUSD,2315.14476,2321.49316,2307.7451,2314.61913,12803
2025-09-24,XAUUSD,2314.61913,2325.72744,2324.37179,2325.04961,8288
2025-09-25,XAUUSD,2325.04961,2322.4834,2318.02429,2320.25384,57567
2025-09-26,XAUUSD,2320.25384,2331.47144,2316.64085,2324.05614,42291
2025-09-29,XAUUSD,2324.05614,2311.62545,2306.27056,2308.948,17581
2025-09-30,XAUUSD,2308.948,2329.40037,2325.72358,2327.56197,23487
2025-10-01,XAUUSD,2327.56197,2350.5844,2336.22373,2343.40406,39216
2025-10-02,XAUUSD,2343.40406,2347.22045,2347.14748,2347.18396,12446
2025-10-03,XAUUSD,2347.18396,2325.02922,2320.84366,2322.93644,19545
2025-10-06,XAUUSD,2322.93644,2309.70713,2307.93848,2308.8228,9958
2025-10-07,XAUUSD,2308.8228,2324.01323,2321.61632,2322.81477,49925
2025-10-08,XAUUSD,2322.81477,2351.85894,2342.45089,2347.15492,26223
2025-10-09,XAUUSD,2347.15492,2354.63752,2348.9656,2351.80156,16042
2025-10-10,XAUUSD,2351.80156,2375.20068,2364.54452,2369.8726,15604
2025-10-13,XAUUSD,2369.8726,2366.28531,2357.12402,2361.70467,28143
2025-10-14,XAUUSD,2361.70467,2368.59789,2350.38881,2359.49335,42939
2025-10-15,XAUUSD,2359.49335,2371.9678,2347.9952,2359.9815,17083
2025-10-16,XAUUSD,2359.9815,2369.23518,2363.65382,2366.4445,16075
2025-10-17,XAUUSD,2366.4445,2348.12753,2342.29393,2345.21073,52331
2025-10-20,XAUUSD,2345.21073,2360.13173,2357.70055,2358.91614,5014
2025-10-21,XAUUSD,2358.91614,2381.33242,2374.88075,2378.10659,39068
2025-10-22,XAUUSD,2378.10659,2365.82803,2358.55461,2362.19132,5845
2025-10-23,XAUUSD,2362.19132,2348.95893,2337.94973,2343.45433,39695
2025-10-24,XAUUSD,2343.45433,2350.10705,2347.59725,2348.85215,19776
2025-10-27,XAUUSD,2348.85215,2348.28886,2331.9124,2340.10063,22297
2025-10-28,XAUUSD,2340.10063,2316.51801,2298.04353,2307.28077,32519
2025-10-29,XAUUSD,2307.28077,2325.87021,2312.00179,2318.936,14707
2025-10-30,XAUUSD,2318.936,2325.56212,2317.56721,2321.56467,45228
2025-10-31,XAUUSD,2321.56467,2321.16379,2309.61537,2315.38958,52153
2025-11-03,XAUUSD,2315.38958,2350.38568,2340.041,2345.21334,28476
2025-11-04,XAUUSD,2345.21334,2355.56514,2339.70875,2347.63694,47053
2025-11-05,XAUUSD,2347.63694,2339.02133,2335.96625,2337.49379,47228
2025-11-06,XAUUSD,2337.49379,2345.0144,2333.74548,2339.37994,45394
2025-11-07,XAUUSD,2339.37994,2327.85179,2322.64643,2325.24911,46986
2025-11-10,XAUUSD,2325.24911,2320.4061,2309.76832,2315.08721,59842
2025-11-11,XAUUSD,2315.08721,2322.25483,2319.57919,2320.91701,17781
2025-11-12,XAUUSD,2320.91701,2314.87911,2312.4483,2313.66371,35774
2025-11-13,XAUUSD,2313.66371,2308.11391,2307.61814,2307.86602,57303
2025-11-14,XAUUSD,2307.86602,2335.33095,2327.54466,2331.4378,14820
2025-11-17,XAUUSD,2331.4378,2369.67335,2318.18545,2343.9294,24047
2025-11-18,XAUUSD,2343.9294,2356.34486,2355.03271,2355.68879,38524
2025-11-19,XAUUSD,2355.68879,2377.0803,2350.18828,2363.63429,9739
2025-11-20,XAUUSD,2363.63429,2372.71076,2369.23698,2370.97387,20801
2025-11-21,XAUUSD,2370.97387,2400.28436,2384.05406,2392.16921,22063
2025-11-24,XAUUSD,2392.16921,2394.33281,2390.4014,2392.3671,33211
2025-11-25,XAUUSD,2392.3671,2422.3067,2416.6533,2419.48,35325
2025-11-26,XAUUSD,2419.48,2407.45095,2404.85407,2406.15251,30262
2025-11-27,XAUUSD,2406.15251,2403.91102,2401.99256,2402.95179,49822
2025-11-28,XAUUSD,2402.95179,2387.48362,2379.62873,2383.55617,35994
2025-12-01,XAUUSD,2383.55617,2383.28318,2374.94976,2379.11647,45887
2025-12-02,XAUUSD,2379.11647,2393.6089,2380.3769,2386.9929,55675
2025-12-03,XAUUSD,2386.9929,2416.83919,2399.67081,2408.255,36212
2025-12-04,XAUUSD,2408.255,2399.26382,2399.03993,2399.15188,49561
2025-12-05,XAUUSD,2399.15188,2406.59238,2392.82375,2399.70807,30613
2025-12-08,XAUUSD,2399.70807,2396.81264,2393.21938,2395.01601,27833
2025-12-09,XAUUSD,2395.01601,2385.39759,2384.36492,2384.88126,7487
2025-12-10,XAUUSD,2384.88126,2369.54963,2367.12849,2368.33906,49953
2025-12-11,XAUUSD,2368.33906,2372.96504,2366.38441,2369.67473,9775
2025-12-12,XAUUSD,2369.67473,2351.33875,2339.7054,2345.52208,52328
2025-12-15,XAUUSD,2345.52208,2349.23502,2345.85872,2347.54687,13663
2025-12-16,XAUUSD,2347.54687,2353.05848,2343.5645,2348.31149,47568
2025-12-17,XAUUSD,2348.31149,2344.98768,2334.0394,2339.51354,58932
2025-12-18,XAUUSD,2339.51354,2337.36796,2314.21465,2325.79131,35326
2025-12-19,XAUUSD,2325.79131,2308.8769,2305.00072,2306.93881,47127
2025-12-22,XAUUSD,2306.93881,2335.34012,2331.26475,2333.30244,54463
2025-12-23,XAUUSD,2333.30244,2325.15613,2304.80734,2314.98174,51253
2025-12-24,XAUUSD,2314.98174,2344.70831,2329.45379,2337.08105,32057
2025-12-25,XAUUSD,2337.08105,2349.72136,2342.20717,2345.96427,55266
2025-12-26,XAUUSD,2345.96427,2344.11491,2338.50424,2341.30958,10827
2025-12-29,XAUUSD,2341.30958,2341.94064,2309.10614,2325.52339,10452
2025-12-30,XAUUSD,2325.52339,2343.29386,2337.77525,2340.53455,19966
2025-12-31,XAUUSD,2340.53455,2369.17385,2361.41117,2365.29251,59741
2026-01-01,XAUUSD,2365.29251,2353.71771,2351.30254,2352.51012,41163
2026-01-02,XAUUSD,2352.51012,2358.72944,2338.79819,2348.76382,15306
2026-01-05,XAUUSD,2348.76382,2373.52001,2354.58732,2364.05367,25851
2026-01-06,XAUUSD,2364.05367,2372.18208,2366.39659,2369.28934,5666
2026-01-07,XAUUSD,2369.28934,2401.01316,2395.37506,2398.19411,28255
2026-01-08,XAUUSD,2398.19411,2392.19097,2388.74872,2390.46985,38051
2026-01-09,XAUUSD,2390.46985,2407.15757,2390.29428,2398.72593,27121
2026-01-12,XAUUSD,2398.72593,2391.50051,2370.90324,2381.20187,32595
2026-01-13,XAUUSD,2381.20187,2413.99451,2409.2506,2411.62256,15562
2026-01-14,XAUUSD,2411.62256,2412.02788,2391.04621,2401.53704,8832
2026-01-15,XAUUSD,2401.53704,2376.5941,2363.81043,2370.20226,10144
2026-01-16,XAUUSD,2370.20226,2377.07939,2360.69619,2368.88779,42359
2026-01-19,XAUUSD,2368.88779,2387.47199,2347.2876,2367.37979,7699
2026-01-20,XAUUSD,2367.37979,2401.37346,2388.7517,2395.06258,15302
2026-01-21,XAUUSD,2395.06258,2394.92456,2386.4207,2390.67263,41987
2026-01-22,XAUUSD,2390.67263,2397.22177,2384.71703,2390.9694,48667
2026-01-23,XAUUSD,2390.9694,2424.813,2375.10892,2399.96096,22826
2026-01-26,XAUUSD,2399.96096,2427.60763,2418.95812,2423.28288,32022
2026-01-27,XAUUSD,2423.28288,2424.13454,2421.56185,2422.84819,30127
2026-01-28,XAUUSD,2422.84819,2445.52358,2431.36392,2438.44375,46938
2026-01-29,XAUUSD,2438.44375,2451.00022,2442.0225,2446.51136,56435
2026-01-30,XAUUSD,2446.51136,2446.9636,2438.3408,2442.6522,50906
2026-02-02,XAUUSD,2442.6522,2445.84386,2442.71087,2444.27736,39466
2026-02-03,XAUUSD,2444.27736,2450.03488,2440.33859,2445.18674,46231
2026-02-04,XAUUSD,2445.18674,2442.79939,2421.67395,2432.23667,49585
2026-02-05,XAUUSD,2432.23667,2458.2631,2442.60663,2450.43487,52021
2026-02-06,XAUUSD,2450.43487,2433.8872,2427.21824,2430.55272,46928
2026-02-09,XAUUSD,2430.55272,2458.31623,2437.92049,2448.11836,44492
2026-02-10,XAUUSD,2448.11836,2474.58564,2450.6687,2462.62717,57454
2026-02-11,XAUUSD,2462.62717,2471.32251,2452.16714,2461.74482,25094
2026-02-12,XAUUSD,2461.74482,2456.46259,2445.39981,2450.9312,8675
2026-02-13,XAUUSD,2450.9312,2456.89416,2439.28918,2448.09167,32384
2026-02-16,XAUUSD,2448.09167,2456.79968,2454.25165,2455.52567,26127
2026-02-17,XAUUSD,2455.52567,2468.70091,2465.22782,2466.96436,7242
2026-02-18,XAUUSD,2466.96436,2472.30401,2471.10533,2471.70467,57228
2026-02-19,XAUUSD,2471.70467,2488.31612,2485.50912,2486.91262,58755
2026-02-20,XAUUSD,2486.91262,2482.95929,2475.22522,2479.09226,30543
2026-02-23,XAUUSD,2479.09226,2486.01855,2480.13604,2483.07729,45228
2026-02-24,XAUUSD,2483.07729,2466.51523,2453.9007,2460.20797,57129
2026-02-25,XAUUSD,2460.20797,2473.76225,2470.18193,2471.97209,31167
2026-02-26,XAUUSD,2471.97209,2476.91423,2472.56251,2474.73837,15167
2026-02-27,XAUUSD,2474.73837,2469.89121,2468.23417,2469.06269,11250
2026-03-02,XAUUSD,2469.06269,2490.05094,2483.47712,2486.76403,8313
2026-03-03,XAUUSD,2486.76403,2503.67758,2491.48114,2497.57936,8622
2026-03-04,XAUUSD,2497.57936,2457.87391,2453.87382,2455.87387,54250
2026-03-05,XAUUSD,2455.87387,2459.12632,2454.77913,2456.95273,43698
2026-03-06,XAUUSD,2456.95273,2438.86226,2433.12688,2435.99457,27618
2026-03-09,XAUUSD,2435.99457,2462.99676,2441.1473,2452.07203,57843
2026-03-10,XAUUSD,2452.07203,2495.94917,2482.41641,2489.18279,32955
2026-03-11,XAUUSD,2489.18279,2489.81489,2474.05767,2481.93628,25630
2026-03-12,XAUUSD,2481.93628,2488.60345,2478.4831,2483.54327,56495
2026-03-13,XAUUSD,2483.54327,2483.42558,2477.17295,2480.29926,44791
2026-03-16,XAUUSD,2480.29926,2498.36683,2473.66528,2486.01605,17068
2026-03-17,XAUUSD,2486.01605,2503.20155,2489.05328,2496.12741,43380
2026-03-18,XAUUSD,2496.12741,2519.78492,2512.02435,2515.90464,58250
2026-03-19,XAUUSD,2515.90464,2507.66136,2495.34319,2501.50227,26555
2026-03-20,XAUUSD,2501.50227,2534.54754,2516.63498,2525.59126,26810
2026-03-23,XAUUSD,2525.59126,2517.55796,2506.40332,2511.98064,34546
2026-03-24,XAUUSD,2511.98064,2518.46754,2514.85102,2516.65928,18608
2026-03-25,XAUUSD,2516.65928,2537.58985,2531.72429,2534.65707,56603
2026-03-26,XAUUSD,2534.65707,2549.29853,2542.72205,2546.01029,17853
2026-03-27,XAUUSD,2546.01029,2534.5012,2529.86232,2532.18176,49356
2026-03-30,XAUUSD,2532.18176,2527.70707,2516.34055,2522.02381,33514
2026-03-31,XAUUSD,2522.02381,2515.73227,2515.33204,2515.53216,41206
2026-04-01,XAUUSD,2515.53216,2519.65344,2510.87247,2515.26295,30683
2026-04-02,XAUUSD,2515.26295,2533.41786,2532.73282,2533.07534,42928
2026-04-03,XAUUSD,2533.07534,2517.39588,2510.50097,2513.94842,53735
2026-04-06,XAUUSD,2513.94842,2529.71085,2513.27073,2521.49079,35797
2026-04-07,XAUUSD,2521.49079,2532.49628,2529.95038,2531.22333,7794
2026-04-08,XAUUSD,2531.22333,2542.8372,2537.5798,2540.2085,45342
2026-04-09,XAUUSD,2540.2085,2549.79839,2545.84887,2547.82363,7418
2026-04-10,XAUUSD,2547.82363,2577.47866,2565.60861,2571.54364,35819
2026-04-13,XAUUSD,2571.54364,2583.78338,2575.38555,2579.58447,13403
2026-04-14,XAUUSD,2579.58447,2612.67207,2574.05588,2593.36398,50287
2026-04-15,XAUUSD,2593.36398,2605.01315,2600.28993,2602.65154,38311
2026-04-16,XAUUSD,2602.65154,2633.83121,2628.51509,2631.17315,40410
2026-04-17,XAUUSD,2631.17315,2604.65269,2598.7615,2601.7071,47973
2026-04-20,XAUUSD,2601.7071,2642.43114,2602.05179,2622.24146,18526
2026-04-21,XAUUSD,2622.24146,2619.63206,2617.68594,2618.659,31391
2026-04-22,XAUUSD,2618.659,2620.31428,2609.22996,2614.77212,15897
2026-04-23,XAUUSD,2614.77212,2610.88623,2589.28439,2600.08531,38756
2026-04-24,XAUUSD,2600.08531,2573.41206,2569.49338,2571.45272,27374
2026-04-27,XAUUSD,2571.45272,2572.06051,2560.08922,2566.07486,40340
2026-04-28,XAUUSD,2566.07486,2557.68166,2554.33075,2556.0062,38354
2026-04-29,XAUUSD,2556.0062,2565.37731,2562.81484,2564.09607,6061
2026-04-30,XAUUSD,2564.09607,2546.22853,2537.68899,2541.95876,16207
2026-05-01,XAUUSD,2541.95876,2564.70689,2563.89663,2564.30176,18545
2026-05-04,XAUUSD,2564.30176,2579.43505,2558.56204,2568.99854,25977
2026-05-05,XAUUSD,2568.99854,2567.42497,2563.95738,2565.69117,59876
2026-05-06,XAUUSD,2565.69117,2561.22954,2549.33715,2555.28334,30966
2026-05-07,XAUUSD,2555.28334,2558.75228,2528.69808,2543.72518,23193
2026-05-08,XAUUSD,2543.72518,2532.3422,2521.63008,2526.98614,51634
2026-05-11,XAUUSD,2526.98614,2521.29318,2517.18278,2519.23798,57064
2026-05-12,XAUUSD,2519.23798,2528.78196,2510.88461,2519.83328,21156
2026-05-13,XAUUSD,2519.83328,2525.35299,2509.9584,2517.65569,32075
2026-05-14,XAUUSD,2517.65569,2509.25487,2484.32925,2496.79206,12396
2026-05-15,XAUUSD,2496.79206,2501.4073,2485.21093,2493.30911,17240
2026-05-18,XAUUSD,2493.30911,2481.32295,2479.56883,2480.44589,34261
2026-05-19,XAUUSD,2480.44589,2485.24688,2481.39603,2483.32145,5132
2026-05-20,XAUUSD,2483.32145,2512.95124,2510.25135,2511.6013,44642
2026-05-21,XAUUSD,2511.6013,2523.80802,2519.23691,2521.52246,16965
2026-05-22,XAUUSD,2521.52246,2518.80233,2515.77674,2517.28954,33089
2026-05-25,XAUUSD,2517.28954,2499.10356,2487.39881,2493.25118,22682
2026-05-26,XAUUSD,2493.25118,2488.19052,2456.98199,2472.58626,18348
2026-05-27,XAUUSD,2472.58626,2452.99028,2443.12444,2448.05736,29161
2026-05-28,XAUUSD,2448.05736,2474.15758,2444.26291,2459.21025,42530
2026-05-29,XAUUSD,2459.21025,2448.91247,2447.91411,2448.41329,29594
2026-06-01,XAUUSD,2448.41329,2449.85594,2449.78926,2449.8226,43573
2026-06-02,XAUUSD,2449.8226,2453.4407,2428.89853,2441.16962,35158
2026-06-03,XAUUSD,2441.16962,2448.03718,2437.95004,2442.99361,46309
2026-06-04,XAUUSD,2442.99361,2470.43583,2457.62005,2464.02794,31078
2026-06-05,XAUUSD,2464.02794,2455.10016,2453.68861,2454.39439,37987
2026-06-08,XAUUSD,2454.39439,2462.1209,2437.60757,2449.86423,6807
2026-06-09,XAUUSD,2449.86423,2452.19379,2424.80943,2438.50161,14560
2026-06-10,XAUUSD,2438.50161,2460.65574,2442.91471,2451.78522,19683
2026-06-11,XAUUSD,2451.78522,2444.76648,2429.60662,2437.18655,36652
2026-06-12,XAUUSD,2437.18655,2424.30826,2417.90422,2421.10624,57911
2026-06-15,XAUUSD,2421.10624,2404.44608,2398.41868,2401.43238,12049
2026-06-16,XAUUSD,2401.43238,2388.29504,2374.94205,2381.61855,6507
2026-06-17,XAUUSD,2381.61855,2393.97771,2383.66992,2388.82381,40459
2026-06-18,XAUUSD,2388.82381,2430.43621,2421.81319,2426.1247,45373
2026-06-19,XAUUSD,2426.1247,2418.10258,2406.13838,2412.12048,53487
2026-06-22,XAUUSD,2412.12048,2431.86939,2420.87934,2426.37437,31200
2026-06-23,XAUUSD,2426.37437,2431.23362,2429.79702,2430.51532,47594
2026-06-24,XAUUSD,2430.51532,2425.44869,2404.41236,2414.93053,43880
2026-06-25,XAUUSD,2414.93053,2418.96927,2403.83924,2411.40425,6552
2026-06-26,XAUUSD,2411.40425,2412.68955,2404.34363,2408.51659,23287
2026-06-29,XAUUSD,2408.51659,2399.52762,2398.50617,2399.0169,44221
2026-06-30,XAUUSD,2399.0169,2430.07467,2424.49743,2427.28605,25357
